location_id,lat,lon
1,32.565354,-117.114567
2,32.613089,-116.606815
3,32.6239832,-116.9674521
4,32.62767,-117.01517
5,32.656721,-117.156376
6,32.665217,-117.098784
7,32.673217,-117.006101
8,32.684859,-115.494738
9,32.71841,-116.870862
10,32.732494,-115.529398
11,32.733071,-117.034413
12,32.7502778,-114.7652778
13,32.769495,-117.021923
14,32.786351,-115.560206
15,32.790475,-115.684982
16,32.792687,-117.0804356
17,32.801673,-116.960468
18,32.8028991,-117.1387739
19,32.80328,-116.90561
20,32.813781,-115.378319
21,32.830391,-117.120923
22,32.8328259,-117.2000351
23,32.838801,-115.572012
24,32.8401623,-117.2740777
25,32.841513,-116.510706
26,32.842487,-116.755911
27,32.85499,-116.986056
28,32.8670902,-117.2059976
29,32.869565,-116.627878
30,32.9022691,-117.0997546
31,32.915602,-117.1439226
32,32.9497788,-117.0952453
33,32.963945,-117.259804
34,32.978454,-115.528569
35,32.987677,-117.021814
36,32.9913,-117.258062
37,33.009376,-116.787314
38,33.0186103,-117.0610495
39,33.020833,-117.279167
40,33.025814,-117.198148
41,33.045811,-116.877546
42,33.050632,-117.263616
43,33.073502,-116.588883
44,33.1092099,-116.673076
45,33.129284,-117.284183
46,33.132567,-117.169892
47,33.133053,-117.074043
48,33.189528,-117.238582
49,33.224601,-117.306291
50,33.232994,-117.015763
51,33.240965,-116.357119
52,33.274876,-117.191863
53,33.2822596,-116.6336303
54,33.374235,-117.220375
55,33.4108642,-117.1025304
56,33.449143,-117.61312
57,33.452287,-116.85547
58,33.475452,-117.693087
59,33.493073,-117.131734
60,33.500889,-117.654388
61,33.513871,-117.561744
62,33.5225261,-117.7075526
63,33.528654,-117.701253
64,33.54337,-117.761801
65,33.549146,-117.641741
66,33.55112767,-117.4796637
67,33.573214,-117.191007
68,33.57921,-117.728898
69,33.583798,-117.623747
70,33.591216,-117.697621
71,33.5963719,-117.826821
72,33.597037,-117.586484
73,33.609335,-117.656471
74,33.612058,-117.730319
75,33.617278,-117.258312
76,33.626595,-117.865392
77,33.632332,-117.599008
78,33.641767,-116.273943
79,33.654946,-117.675848
80,33.665905,-117.912336
81,33.678228,-117.594009
82,33.678399,-117.771254
83,33.6791872,-117.63116
84,33.6831832,-117.6664308
85,33.685956,-117.335404
86,33.688302,-117.263547
87,33.689858,-117.184383
88,33.69038,-116.143128
89,33.6974288,-117.7156459
90,33.698007,-118.003834
91,33.699892,-116.32955
92,33.710582,-117.951129
93,33.71463,-117.077398
94,33.7265218,-117.7779646
95,33.730927,-117.810596
96,33.731639,-116.235971
97,33.734068,-116.996808
98,33.734972,-117.078244
99,33.7358518,-118.2922934
100,33.736332,-117.8829
101,33.737635,-116.364145
102,33.738517,-118.369685
103,33.74349,-116.287335
104,33.7435698,-116.7237763
105,33.744209,-116.73069
106,33.745119,-117.984843
107,33.745881,-117.113241
108,33.748176,-117.628479
109,33.752292,-117.993868
110,33.754399,-118.07132
111,33.758003,-117.467159
112,33.760016,-118.347168
113,33.763838,-116.430388
114,33.764806,-117.157107
115,33.76489,-117.79538
116,33.774271,-118.425754
117,33.778138,-118.333117
118,33.778782,-117.960472
119,33.780791,-118.16818
120,33.786971,-117.861265
121,33.788691,-118.080326
122,33.789849,-117.222171
123,33.7911012,-118.3012604
124,33.796913,-118.061234
125,33.798864,-116.995914
126,33.800233,-117.993449
127,33.801137,-117.141382
128,33.803361,-116.53828
129,33.803461,-118.169735
130,33.817985,-117.811293
131,33.818477,-118.038307
132,33.828465,-117.123334
133,33.830453,-118.356618
134,33.835487,-116.463103
135,33.840367,-118.249574
136,33.847135,-118.121894
137,33.849538,-118.400755
138,33.850616,-118.039565
139,33.855502,-117.758657
140,33.857353,-118.007373
141,33.861969,-117.565495
142,33.8647381,-118.3036841
143,33.867591,-118.080634
144,33.867745,-118.069471
145,33.869819,-118.405296
146,33.876722,-116.953009
147,33.881158,-117.854783
148,33.885716,-117.928025
149,33.887821,-118.12725
150,33.888435,-118.353143
151,33.88872555,-117.3116687
152,33.889038,-117.77207
153,33.894047,-118.227469
154,33.894417,-118.307522
155,33.894841,-118.195586
156,33.90087,-118.420715
157,33.902045,-118.008961
158,33.9076,-118.083453
159,33.910367,-118.425079
160,33.914775,-118.348083
161,33.923253,-117.205685
162,33.925178,-117.865111
163,33.925519,-117.551958
164,33.927927,-117.951554
165,33.9330713,-117.4025452
166,33.933565,-118.062611
167,33.93559,-116.687212
168,33.938143,-117.393168
169,33.938237,-118.130856
170,33.942969,-117.725648
171,33.944159,-118.192761
172,33.945903,-116.899044
173,33.9541453,-118.4388067
174,33.956068,-118.344274
175,33.957591,-116.542284
176,33.958959,-117.948973
177,33.9597349,-118.400632
178,33.963274,-117.582369
179,33.966827,-118.020122
180,33.970313,-117.890568
181,33.9728,-118.4267
182,33.975627,-117.667351
183,33.976373,-118.450888
184,33.979248,-118.217438
185,33.979642,-116.969371
186,33.979704,-118.179249
187,33.98208635,-117.5153511
188,33.987349,-117.05424
189,33.9883591,-118.330882
190,33.989524,-118.089295
191,33.994472,-118.347762
192,33.995044,-118.4668875
193,33.995853,-117.973023
194,34.001123,-118.210869
195,34.001573,-117.817601
196,34.002591,-117.467612
197,34.00582,-118.396781
198,34.0084332,-118.424222
199,34.010911,-118.498245
200,34.0146113,-118.3603104
201,34.015444,-118.111012
202,34.019394,-118.410825
203,34.0228,-118.4047
204,34.02586,-118.759643
205,34.026232,-117.940327
206,34.03116,-117.313192
207,34.032333,-117.95352
208,34.03357,-117.042887
209,34.037042,-117.605956
210,34.037195,-117.855606
211,34.043287,-117.246647
212,34.0464959,-118.4478087
213,34.0480643,-118.5264706
214,34.04838,-118.133165
215,34.050377,-118.048384
216,34.05201125,-118.4125118
217,34.053506,-117.170476
218,34.054525,-117.325029
219,34.055941,-117.909937
220,34.058494,-117.761091
221,34.060067,-117.401237
222,34.060639,-117.11502
223,34.06888,-118.08268
224,34.071493,-117.69808
225,34.074633,-118.029136
226,34.07923,-118.402437
227,34.082824,-117.971286
228,34.083571,-118.136444
229,34.088268,-118.371831
230,34.090475,-117.882143
231,34.094636,-118.098469
232,34.096777,-118.606021
233,34.098907,-118.327759
234,34.102156,-118.057971
235,34.107957,-117.808529
236,34.108967,-118.156618
237,34.109686,-117.462888
238,34.111855,-117.963614
239,34.113473,-117.165729
240,34.1144532,-118.1842389
241,34.116073,-117.659922
242,34.117427,-117.389211
243,34.120521,-117.769928
244,34.121499,-117.592489
245,34.1216903,-118.3465777
246,34.122671,-118.112911
247,34.123347,-116.421557
248,34.123421,-117.995864
249,34.123633,-116.312862
250,34.124926,-117.71392
251,34.130306,-117.566067
252,34.132689,-118.036347
253,34.134252,-118.666455
254,34.136675,-118.817367
255,34.138524,-117.912253
256,34.139222,-118.102524
257,34.14114,-117.294635
258,34.144964,-117.847804
259,34.147804,-116.065991
260,34.148942,-118.76393
261,34.1508718,-118.448986
262,34.153159,-117.968818
263,34.153351,-118.165794
264,34.1597862,-118.4991322
265,34.160602,-118.137954
266,34.160967,-117.950447
267,34.162143,-119.204177
268,34.1637147,-118.3965758
269,34.163984,-117.984646
270,34.165936,-118.61039
271,34.168771,-118.050216
272,34.1689262,-118.5365791
273,34.181393,-118.24583
274,34.1826379,-118.4138666
275,34.18347115,-118.3122368
276,34.183671,-118.91183
277,34.184984,-118.76694
278,34.18558365,-117.4158347
279,34.187042,-118.381256
280,34.190079,-118.326405
281,34.192212,-118.135589
282,34.19329,-118.874235
283,34.1938237,-118.5010456
284,34.1943707,-118.4659127
285,34.1958386,-118.2259077
286,34.199436,-119.207515
287,34.200768,-118.5356869
288,34.2011078,-118.5978087
289,34.2013207,-118.5711037
290,34.2032325,-118.645476
291,34.2078523,-118.34097
292,34.20969,-118.200139
293,34.2108413,-117.0833709
294,34.211362,-117.104572
295,34.221823,-119.032154
296,34.2247,-118.4489
297,34.227444,-118.381073
298,34.2297292,-117.2250419
299,34.230429,-118.2350733
300,34.2408403,-117.0772605
301,34.2413266,-118.4322047
302,34.242888,-116.893893
303,34.2455346,-118.5263221
304,34.245903,-118.901784
305,34.2466739,-118.2776018
306,34.2529333,-118.599297
307,34.253285,-118.4257746
308,34.254027,-117.178091
309,34.254077,-117.286709
310,34.254118,-116.796378
311,34.265263,-118.998406
312,34.266114,-116.3930703
313,34.2661558,-118.5174342
314,34.266887,-118.748458
315,34.2669466,-118.3023
316,34.2804923,-119.2945199
317,34.2818164,-118.5612714
318,34.285942,-118.87704
319,34.3076252,-118.4492148
320,34.345988,-117.627579
321,34.354941,-119.066271
322,34.3798765,-118.5291917
323,34.385234,-119.500759
324,34.38772,-118.584359
325,34.389944,-117.403094
326,34.39231695,-118.5666724
327,34.397038,-117.315198
328,34.398958,-118.91746
329,34.403037,-119.29895
330,34.403592,-119.713714
331,34.4165,-118.4559
332,34.416504,-118.500693
333,34.435441,-119.858946
334,34.439816,-117.524829
335,34.449199,-119.246664
336,34.4493489,-118.5168257
337,34.45905,-117.4510028
338,34.477444,-118.632681
339,34.49607,-118.183897
340,34.525126,-117.981631
341,34.527735,-117.353579
342,34.533376,-117.210358
343,34.580902,-117.439458
344,34.591038,-118.105403
345,34.593758,-120.13968
346,34.615497,-120.194237
347,34.651988,-118.215945
348,34.662689,-120.470837
349,34.688779,-120.43975
350,34.6897069,-118.2886882
351,34.693558,-118.175305
352,34.741803,-120.274596
353,34.7430407,-117.3395848
354,34.813426,-114.626639
355,34.865627,-118.214767
356,34.866987,-117.043035
357,34.869235,-120.421684
358,34.906656,-116.823274
359,34.933076,-120.443559
360,34.964929,-120.573127
361,35.014995,-118.190209
362,35.03066,-120.497757
363,35.120888,-120.619664
364,35.124149,-120.584533
365,35.126696,-119.424194
366,35.142959,-118.446036
367,35.14659,-117.869346
368,35.153173,-120.673874
369,35.178355,-118.669618
370,35.194361,-118.830569
371,35.199355,-120.720757
372,35.234667,-119.082858
373,35.247701,-116.683411
374,35.265142,-118.916042
375,35.266195,-120.668438
376,35.307083,-120.824522
377,35.345588,-118.985856
378,35.346885,-118.933806
379,35.353171,-119.037919
380,35.366773,-120.868289
381,35.36939963,-119.138739
382,35.42613,-120.604238
383,35.479421,-119.201285
384,35.485718,-120.687942
385,35.552069,-121.084137
386,35.556024,-120.718166
387,35.573416,-118.486441
388,35.593785,-119.367101
389,35.6262618,-120.6901319
390,35.628542,-117.663992
391,35.637098,-118.48261
392,35.667286,-119.230722
393,35.76643,-119.264221
394,35.826851,-118.635447
395,35.86284,-120.804268
396,36.063542,-119.0336
397,36.084057,-119.561268
398,36.120867,-118.822825
399,36.200246,-119.339775
400,36.204381,-120.095119
401,36.209096,-119.093259
402,36.216283,-121.131962
403,36.25330545,-121.7832953
404,36.294137,-119.145953
405,36.29528,-119.797268
406,36.304739,-119.208605
407,36.316607,-119.70538
408,36.328141,-119.654773
409,36.32921,-119.326984
410,36.383439,-119.220088
411,36.404202,-120.134326
412,36.412828,-119.100718
413,36.42287215,-116.913718
414,36.430402,-119.867178
415,36.440041,-118.88028
416,36.500627,-121.73182
417,36.525193,-119.566403
418,36.539907,-119.845027
419,36.543271,-119.291419
420,36.545096,-119.398882
421,36.552881,-121.921919
422,36.5552656,-121.923278
423,36.5642076,-121.9378096
424,36.571768,-119.613952
425,36.574447,-118.08061
426,36.583834,-121.946714
427,36.599374,-119.447781
428,36.601193,-121.88311
429,36.60559,-120.189766
430,36.608899,-119.543656
431,36.621371,-119.318737
432,36.622577,-121.92643
433,36.62446,-119.674682
434,36.625058,-121.817804
435,36.680256,-121.789368
436,36.690217,-121.633793
437,36.700864,-119.55773
438,36.719141,-119.202677
439,36.724911,-120.06258
440,36.76484,-121.753376
441,36.782684,-119.793359
442,36.807417,-119.8441035
443,36.827809,-119.681843
444,36.845132,-121.536949
445,36.853745,-120.453746
446,36.855618,-121.399544
447,36.874755,-121.630732
448,36.923587,-121.772395
449,36.927375,-121.844404
450,36.92791,-119.877283
451,36.9575515,-121.8306975
452,36.966193,-120.085855
453,36.974385,-122.035268
454,36.976083,-121.954012
455,36.98423,-121.789432
456,36.985424,-120.633845
457,36.986024,-121.980414
458,36.99115,-121.893457
459,36.997762,-121.948248
460,37.006407,-121.585321
461,37.0167898,-119.4004271
462,37.0374497,-119.5140236
463,37.039222,-122.080764
464,37.055499,-122.011769
465,37.063184,-120.840304
466,37.078212,-122.088102
467,37.082881,-121.596322
468,37.099184,-119.325677
469,37.116104,-120.241978
470,37.132495,-121.641891
471,37.134099,-122.127208
472,37.2171683,-119.9054382
473,37.229944,-121.956874
474,37.234632,-119.521038
475,37.239184,-119.700972
476,37.24041,-121.988235
477,37.268326,-122.02622
478,37.27098792,-121.9125745
479,37.280244,-121.953296
480,37.2885537,-121.881621
481,37.290207,-120.321637
482,37.296011,-121.814552
483,37.3036,-121.8973
484,37.31138,-120.470408
485,37.3194,-122.044957
486,37.327282,-119.565326
487,37.341396,-119.626215
488,37.3422508,-122.0048712
489,37.354049,-120.597177
490,37.36147858,-122.0455387
491,37.364621,-121.967973
492,37.365191,-122.232724
493,37.365423,-119.716561
494,37.366381,-118.395808
495,37.366808,-122.13865
496,37.368431,-122.09657
497,37.385427,-120.617364
498,37.385797,-122.026316
499,37.394443,-121.075166
500,37.39652,-122.143088
501,37.42215,-122.258593
502,37.426933,-122.167741
503,37.433136,-121.890934
504,37.457072,-122.201058
505,37.46566,-122.265351
506,37.467319,-122.440485
507,37.46778,-122.13255
508,37.475,-120.74
509,37.475876,-121.153882
510,37.479731,-122.148055
511,37.491217,-119.973216
512,37.49446,-121.94115
513,37.499034,-122.267572
514,37.504253,-122.03191
515,37.505524,-120.859269
516,37.514166,-122.464803
517,37.514398,-122.294475
518,37.515274,-122.213672
519,37.525398,-120.797433
520,37.548791,-118.699663
521,37.553411,-119.928791
522,37.557206,-122.358541
523,37.56031,-122.3106
524,37.56482,-122.250782
525,37.5872576,-122.0215737
526,37.589952,-122.363342
527,37.598786,-120.968081
528,37.59897,-122.401991
529,37.602135,-120.866004
530,37.606598,-122.47723
531,37.624435,-118.988432
532,37.62556,-122.431397
533,37.626826,-122.104015
534,37.633883,-120.972006
535,37.637533,-121.003049
536,37.642685,-120.754152
537,37.655104,-122.376234
538,37.663456,-120.463147
539,37.667185,-121.88123
540,37.673241,-119.787716
541,37.67575,-122.383302
542,37.6759,-122.135973
543,37.677667,-122.044434
544,37.686977,-121.759781
545,37.701684,-122.464968
546,37.703368,-122.163036
547,37.708276,-122.062769
548,37.709123,-121.084825
549,37.7128,-122.4395
550,37.716137,-121.896229
551,37.726022,-120.94484
552,37.727239,-123.032229
553,37.727396,-121.452195
554,37.741911,-122.259914
555,37.742007,-121.130373
556,37.76145,-122.4676432
557,37.761666,-120.846434
558,37.761783,-119.114729
559,37.765258,-121.931987
560,37.769846,-122.22569
561,37.7753252,-122.4977862
562,37.779716,-121.537195
563,37.782776,-122.4226212
564,37.7887057,-122.421408
565,37.792839,-121.226076
566,37.808666,-121.317765
567,37.812142,-121.969824
568,37.822545,-122.230024
569,37.831966,-120.241581
570,37.838473,-122.301682
571,37.840774,-121.956477
572,37.845693,-122.123217
573,37.846129,-122.143549
574,37.854768,-122.013557
575,37.858369,-122.491844
576,37.865673,-122.298725
577,37.873567,-122.470995
578,37.879129,-122.537889
579,37.8803594,-122.0440094
580,37.88161,-122.168595
581,37.886768,-122.462619
582,37.89065,-122.318116
583,37.891004,-122.119529
584,37.89683165,-122.6135409
585,37.902666,-122.040479
586,37.905144,-122.284226
587,37.908122,-122.542325
588,37.908131,-121.597196
589,37.919574,-122.302519
590,37.931846,-122.507738
591,37.935578,-121.71897
592,37.935873,-122.558999
593,37.939092,-120.625141
594,37.940322,-121.930075
595,37.940544,-122.530229
596,37.952278,-122.360609
597,37.954163,-122.075772
598,37.962861,-122.342581
599,37.963821,-122.561614
600,37.972184,-122.001587
601,37.973624,-122.303141
602,37.976553,-121.308598
603,37.978336,-121.796064
604,37.981003,-122.50693
605,37.981707,-120.382755
606,37.982117,-122.569921
607,37.996149,-121.693624
608,37.998116,-122.114419
609,38.001702,-122.318488
610,38.009205,-122.11685
611,38.01769,-121.900395
612,38.01814,-121.101562
613,38.021427,-122.288929
614,38.02813,-121.629851
615,38.032254,-121.962236
616,38.036605,-122.253956
617,38.036943,-120.233918
618,38.057735,-120.176698
619,38.072733,-122.155169
620,38.084647,-122.809226
621,38.085087,-122.548272
622,38.106909,-122.262339
623,38.12161,-121.290765
624,38.1250583,-122.217025
625,38.136092,-120.443942
626,38.173529,-121.279892
627,38.176672,-121.703406
628,38.179033,-122.259602
629,38.1860302,-120.3688079
630,38.189378,-120.825279
631,38.242251,-122.628769
632,38.248334,-122.010066
633,38.249049,-120.349327
634,38.261965,-122.032389
635,38.268458,-121.298952
636,38.288403,-121.231066
637,38.290331,-122.459831
638,38.297872,-122.300741
639,38.300619,-122.670641
640,38.304479,-120.266321
641,38.308484,-120.705617
642,38.328492,-122.710049
643,38.347617,-122.700896
644,38.348489,-120.772822
645,38.355323,-122.543306
646,38.358621,-121.968601
647,38.362862,-120.947685
648,38.376483,-120.486844
649,38.392445,-120.798969
650,38.400003,-122.827586
651,38.400372,-122.934946
652,38.40304,-120.657087
653,38.406819,-120.542592
654,38.412977,-121.212718
655,38.414621,-121.384961
656,38.415408,-122.538753
657,38.445824,-122.706181
658,38.447512,-121.824223
659,38.450614,-120.621768
660,38.472321,-120.051847
661,38.482491,-122.889884
662,38.4957417,-121.193836
663,38.500701,-121.074021
664,38.506864,-120.760149
665,38.512806,-122.468076
666,38.512972,-122.753601
667,38.517165,-122.989897
668,38.5249,-121.9708
669,38.527831,-123.109799
670,38.52961596,-121.4164343
671,38.533271,-121.975473
672,38.542099,-122.808613
673,38.544019,-121.685168
674,38.548362,-121.283841
675,38.554368,-121.548663
676,38.556147,-121.737793
677,38.567694,-121.468161
678,38.568538,-121.354962
679,38.577079,-121.236187
680,38.581408,-122.582696
681,38.600647,-121.384643
682,38.622526,-122.865133
683,38.6247958,-121.4771684
684,38.626854,-121.249164
685,38.630812,-121.325636
686,38.650154,-121.25097
687,38.665855,-120.936208
688,38.666597,-121.141635
689,38.671331,-121.372134
690,38.67137,-121.749025
691,38.674029,-120.988338
692,38.676082,-121.0477
693,38.687502,-121.441682
694,38.688405,-121.132717
695,38.689265,-120.054979
696,38.689359,-121.223077
697,38.692014,-120.838684
698,38.69481,-121.287953
699,38.7116667,-120.9513889
700,38.71533,-121.360962
701,38.718464,-121.445475
702,38.725274,-123.458314
703,38.731116,-120.797677
704,38.742265,-120.680811
705,38.7574137,-120.5276129
706,38.757641,-120.590957
707,38.760441,-121.168196
708,38.76816,-120.26826
709,38.770296,-121.319634
710,38.7746298,-120.2968596
711,38.794795,-123.014703
712,38.801498,-122.551422
713,38.806868,-121.249696
714,38.809358,-121.195383
715,38.848218,-121.169809
716,38.866731,-121.131984
717,38.874464,-121.292886
718,38.8857,-121.0088
719,38.892643,-121.974184
720,38.895075,-121.076739
721,38.911353,-120.834624
722,38.928218,-119.981
723,38.960045,-122.633232
724,38.963821,-122.016441
725,38.970184,-122.831384
726,38.979131,-121.558056
727,39.0008573,-120.9920321
728,39.001718,-121.037582
729,39.005286,-120.831355
730,39.014185,-122.061041
731,39.020605,-122.656939
732,39.031163,-121.389996
733,39.038333,-122.922633
734,39.058245,-120.142067
735,39.076053,-122.584512
736,39.079461,-121.556659
737,39.093799,-120.953222
738,39.129842,-121.64155
739,39.129842,-121.641549
740,39.1333,-123.1673
741,39.14647,-123.204438
742,39.151535,-121.583374
743,39.1689372,-120.143478
744,39.1785177,-120.2276948
745,39.179817,-121.456726
746,39.195297,-121.194153
747,39.1984156,-120.2298597
748,39.205273,-121.292916
749,39.220305,-121.052654
750,39.225327,-123.757586
751,39.234023,-121.138022
752,39.235165,-120.078207
753,39.2468,-120.058578
754,39.259608,-121.033326
755,39.268548,-123.202758
756,39.277078,-122.194676
757,39.324788,-120.378665
758,39.350548,-120.193943
759,39.405006,-123.348889
760,39.439803,-123.801757
761,39.495151,-121.559937
762,39.572658,-120.627617
763,39.578643,-120.816405
764,39.746146,-122.185731
765,39.754192,-121.6064
766,39.758951,-121.81772
767,39.798242,-120.664441
768,39.818752,-121.607748
769,39.931017,-120.954886
770,40.173515,-122.241525
771,40.301675,-121.232503
772,40.449755,-122.29507
773,40.506094,-121.855665
774,40.566236,-122.242837
775,40.570277,-122.366766
776,40.651205,-122.25637
777,40.673204,-121.413348
778,40.676564,-122.380909
779,40.797594,-124.154191
780,40.862291,-124.074967
781,40.951571,-124.077357
782,41.007241,-121.441134
783,41.231526,-122.270939
784,41.32088,-122.315481
785,41.412087,-122.380966
786,41.724032,-122.63157
787,41.764514,-124.200779
